"sample_id","low_heteroplasmy_5_10","intermediate_heteroplasmy_10_95","total_heteroplasmy_5_95","homoplasmy_gt95"
"IonCode_0601",2,0,2,84
"IonCode_0602",1,0,1,77
"IonCode_0603",0,1,1,84
"IonCode_0604",1,0,1,84
"IonCode_0605",0,0,0,75
"IonCode_0606",0,1,1,83
"IonCode_0607",0,1,1,77
"IonCode_0610",0,0,0,78
"IonCode_0611",0,1,1,84
"IonCode_0612",0,1,1,78
"IonCode_0613",2,2,4,85
"IonCode_0682",0,4,4,81
"IonCode_0683",0,2,2,80
"IonCode_0684",0,0,0,84
"IonCode_0685",0,3,3,80
"IonCode_0701",0,0,0,83
"IonCode_0702",0,1,1,90
"IonCode_0703",4,1,5,85
"IonCode_0704",6,3,9,80
"IonCode_0705",2,2,4,75
"IonCode_0706",0,1,1,87
"IonCode_0707",0,1,1,84
"IonCode_0708",0,0,0,84
"IonCode_0709",0,0,0,83
"IonCode_0710",0,1,1,76
"IonCode_0711",0,3,3,79
"IonCode_0712",2,0,2,73
"IonCode_0713",0,1,1,83
"IonCode_0714",1,0,1,85
"IonCode_0715",0,1,1,78
"IonCode_0716",1,1,2,78
"IonCode_0717",0,1,1,89
"IonCode_0718",0,2,2,82
"IonCode_0719",0,0,0,82
"IonCode_0720",0,0,0,84
"IonCode_0722",2,2,4,76
"IonCode_0723",0,1,1,81
"IonCode_0724",1,1,2,86
"IonCode_0727",1,3,4,78
"IonCode_0728",0,0,0,79
"IonCode_0729",0,1,1,84
"IonCode_0730",0,2,2,86
"IonCode_0732",1,0,1,91
"IonCode_0733",1,2,3,91
"IonCode_0734",1,0,1,83
"IonCode_0735",0,1,1,95
"IonCode_0736",1,1,2,76
"IonCode_0738",1,2,3,86
"IonCode_0739",0,2,2,87
"IonCode_0740",0,1,1,93
"IonCode_0741",0,0,0,77
"IonCode_0742",0,0,0,86
"IonCode_0743",1,3,4,75
"IonCode_0744",0,3,3,77
"IonCode_0745",2,6,8,77
"IonCode_0746",0,0,0,90
"IonCode_0747",2,0,2,88
"IonCode_0748",0,2,2,79
"IonCode_0749",0,1,1,78
"IonCode_0750",0,1,1,81
"IonCode_0751",0,0,0,88
"IonCode_0753",0,1,1,81
"IonCode_0754",2,1,3,94
"IonCode_0755",0,1,1,84
"IonCode_0756",0,3,3,76
"IonCode_0758",0,0,0,72
"IonCode_0759",1,1,2,84
"IonCode_0760",3,1,4,86
"IonCode_0761",2,1,3,83
"IonCode_0762",0,1,1,89
"IonCode_0763",2,2,4,76
"IonCode_0764",5,3,8,76
"IonCode_0765",0,0,0,94
"IonCode_0766",0,5,5,79
"IonCode_0767",0,0,0,84
"IonCode_0768",2,1,3,81
"IonCode_0769",4,4,8,82
"IonCode_0770",0,0,0,84
"IonCode_0771",4,4,8,79
"IonCode_0772",1,4,5,81
"IonCode_0773",0,2,2,90
"IonCode_0774",0,1,1,83
"IonCode_0775",0,3,3,77
"IonCode_0776",0,1,1,87
"IonCode_0778",2,2,4,76
"IonCode_0779",0,1,1,87
"IonCode_0780",0,2,2,80
"IonCode_0781",0,1,1,82
"IonCode_0782",1,1,2,86
"IonCode_0784",0,0,0,86
"IonCode_0785",1,2,3,79
"IonCode_0787",5,1,6,73
"IonCode_0788",0,2,2,84
"IonCode_0789",1,1,2,73
"IonCode_0790",0,1,1,75
"IonCode_0791",0,1,1,89
"IonCode_0792",0,0,0,81
"IonCode_0793",0,3,3,81
"IonCode_0794",0,1,1,82
"IonCode_0795",1,0,1,88
